文件,总代码量,总注释量,总空行量,实际代码量,实际代码比率,总注释比率,总空行比率
login_spider.py,81,3,4,74,0.9135802469135802,0.037037037037037035,0.04938271604938271
ticket_reservation.py,148,4,15,129,0.8716216216216216,0.02702702702702703,0.10135135135135136
autoMove.py,12,0,0,12,1.0,0.0,0.0
in.py,15,4,2,9,0.6,0.26666666666666666,0.13333333333333333
process.py,23,0,1,22,0.9565217391304348,0.0,0.043478260869565216
main.py,101,1,16,84,0.8316831683168316,0.009900990099009901,0.15841584158415842
shimo.py,0,0,0,0,0,0,0
test.py,7,0,0,7,1.0,0.0,0.0
weixin_req.py,25,1,4,20,0.8,0.04,0.16
items.py,18,5,5,8,0.4444444444444444,0.2777777777777778,0.2777777777777778
middlewares.py,103,5,24,74,0.7184466019417476,0.04854368932038835,0.23300970873786409
pipelines.py,11,5,3,3,0.2727272727272727,0.45454545454545453,0.2727272727272727
settings.py,90,68,17,5,0.05555555555555555,0.7555555555555555,0.18888888888888888
ccYM.py,21,5,2,14,0.6666666666666666,0.23809523809523808,0.09523809523809523
__init__.py,4,4,0,0,0.0,1.0,0.0
__init__.py,0,0,0,0,0,0,0
cha_pic.py,25,1,6,18,0.72,0.04,0.24
items.py,14,5,4,5,0.35714285714285715,0.35714285714285715,0.2857142857142857
middlewares.py,103,5,24,74,0.7184466019417476,0.04854368932038835,0.23300970873786409
pipelines.py,11,5,3,3,0.2727272727272727,0.45454545454545453,0.2727272727272727
settings.py,90,68,17,5,0.05555555555555555,0.7555555555555555,0.18888888888888888
ccYM.py,23,5,5,13,0.5652173913043478,0.21739130434782608,0.21739130434782608
__init__.py,4,4,0,0,0.0,1.0,0.0
__init__.py,0,0,0,0,0,0,0
items.py,17,5,4,8,0.47058823529411764,0.29411764705882354,0.23529411764705882
middlewares.py,103,5,24,74,0.7184466019417476,0.04854368932038835,0.23300970873786409
pipelines.py,57,9,13,35,0.6140350877192983,0.15789473684210525,0.22807017543859648
settings.py,93,65,17,11,0.11827956989247312,0.6989247311827957,0.1827956989247312
cqHoseSpider.py,55,1,9,45,0.8181818181818182,0.01818181818181818,0.16363636363636364
__init__.py,4,4,0,0,0.0,1.0,0.0
__init__.py,0,0,0,0,0,0,0
analysis.py,13,0,0,13,1.0,0.0,0.0
items.py,25,5,4,16,0.64,0.2,0.16
middlewares.py,103,5,24,74,0.7184466019417476,0.04854368932038835,0.23300970873786409
pipelines.py,35,12,6,17,0.4857142857142857,0.34285714285714286,0.17142857142857143
settings.py,91,66,17,8,0.08791208791208792,0.7252747252747253,0.18681318681318682
cqjobs.py,213,5,20,188,0.8826291079812206,0.023474178403755867,0.09389671361502347
__init__.py,4,4,0,0,0.0,1.0,0.0
__init__.py,0,0,0,0,0,0,0
scrapwer.py,205,0,28,177,0.8634146341463415,0.0,0.13658536585365855
test.py,110,5,11,94,0.8545454545454545,0.045454545454545456,0.1
test1.py,43,5,5,33,0.7674418604651163,0.11627906976744186,0.11627906976744186
articleExtractor.py,397,34,24,339,0.853904282115869,0.08564231738035265,0.060453400503778336
find_all_url.py,44,1,14,29,0.6590909090909091,0.022727272727272728,0.3181818181818182
getHtml.py,100,7,6,87,0.87,0.07,0.06
htmlFilter.py,79,14,11,54,0.6835443037974683,0.17721518987341772,0.13924050632911392
tools.py,273,34,13,226,0.8278388278388278,0.12454212454212454,0.047619047619047616
__init__.py,5,5,0,0,0.0,1.0,0.0
index_slides.py,74,0,13,61,0.8243243243243243,0.0,0.17567567567567569
rm.py,35,6,5,24,0.6857142857142857,0.17142857142857143,0.14285714285714285
bbs_genspider.py,109,4,16,89,0.8165137614678899,0.03669724770642202,0.14678899082568808
dxy_profile.py,155,5,21,129,0.832258064516129,0.03225806451612903,0.13548387096774195
dxy_raw_profile.py,86,4,7,75,0.872093023255814,0.046511627906976744,0.08139534883720931
color_power.py,52,0,12,40,0.7692307692307693,0.0,0.23076923076923078
game_surface.py,28,5,3,20,0.7142857142857143,0.17857142857142858,0.10714285714285714
linear_interploation.py,39,0,7,32,0.8205128205128205,0.0,0.1794871794871795
pixes.py,14,0,1,13,0.9285714285714286,0.0,0.07142857142857142
draws.py,30,0,3,27,0.9,0.0,0.1
game.py,27,0,5,22,0.8148148148148148,0.0,0.18518518518518517
game_dun.py,46,0,3,43,0.9347826086956522,0.0,0.06521739130434782
ch_text_font.py,27,1,3,23,0.8518518518518519,0.037037037037037035,0.1111111111111111
envent_thi.py,32,1,5,26,0.8125,0.03125,0.15625
font_learn.py,34,8,3,23,0.6764705882352942,0.23529411764705882,0.08823529411764706
fullscreen_event.py,32,5,4,23,0.71875,0.15625,0.125
learn1.py,31,1,8,22,0.7096774193548387,0.03225806451612903,0.25806451612903225
mix_mode_event.py,34,5,5,24,0.7058823529411765,0.14705882352941177,0.14705882352941177
resize_pro.py,27,1,5,21,0.7777777777777778,0.037037037037037035,0.18518518518518517
ganji_phone.py,70,1,9,60,0.8571428571428571,0.014285714285714285,0.12857142857142856
ganji_phone_speed.py,93,0,9,84,0.9032258064516129,0.0,0.0967741935483871
ganji_sipder.py,177,0,16,161,0.9096045197740112,0.0,0.0903954802259887
get_xiciip.py,62,1,12,49,0.7903225806451613,0.016129032258064516,0.1935483870967742
buy_car.py,71,0,11,60,0.8450704225352113,0.0,0.15492957746478872
hdf_spider.py,68,0,6,62,0.9117647058823529,0.0,0.08823529411764706
ex2.py,149,1,7,141,0.9463087248322147,0.006711409395973154,0.04697986577181208
http_request_test.py,22,0,5,17,0.7727272727272727,0.0,0.22727272727272727
idDetection.py,156,1,2,153,0.9807692307692307,0.00641025641025641,0.01282051282051282
id_search.py,46,13,7,26,0.5652173913043478,0.2826086956521739,0.15217391304347827
items.py,20,5,5,10,0.5,0.25,0.25
middlewares.py,103,5,24,74,0.7184466019417476,0.04854368932038835,0.23300970873786409
pipelines.py,30,5,6,19,0.6333333333333333,0.16666666666666666,0.2
settings.py,95,65,18,12,0.12631578947368421,0.6842105263157895,0.18947368421052632
images.py,29,1,3,25,0.8620689655172413,0.034482758620689655,0.10344827586206896
__init__.py,4,4,0,0,0.0,1.0,0.0
__init__.py,0,0,0,0,0,0,0
spider_instagram.py,120,0,15,105,0.875,0.0,0.125
test.py,4,0,1,3,0.75,0.0,0.25
items.py,18,5,4,9,0.5,0.2777777777777778,0.2222222222222222
middlewares.py,103,5,24,74,0.7184466019417476,0.04854368932038835,0.23300970873786409
pipelines.py,21,5,4,12,0.5714285714285714,0.23809523809523808,0.19047619047619047
settings.py,94,65,18,11,0.11702127659574468,0.6914893617021277,0.19148936170212766
jianshu.py,36,1,7,28,0.7777777777777778,0.027777777777777776,0.19444444444444445
__init__.py,4,4,0,0,0.0,1.0,0.0
__init__.py,0,0,0,0,0,0,0
hah.py,42,0,6,36,0.8571428571428571,0.0,0.14285714285714285
knap_p.py,95,1,10,84,0.8842105263157894,0.010526315789473684,0.10526315789473684
sad.py,44,0,7,37,0.8409090909090909,0.0,0.1590909090909091
test.py,41,0,9,32,0.7804878048780488,0.0,0.21951219512195122
sc.py,120,19,9,92,0.7666666666666667,0.15833333333333333,0.075
admin.py,3,1,1,1,0.3333333333333333,0.3333333333333333,0.3333333333333333
apps.py,5,0,2,3,0.6,0.0,0.4
__init__.py,0,0,0,0,0,0,0
models.py,3,1,1,1,0.3333333333333333,0.3333333333333333,0.3333333333333333
tests.py,3,1,1,1,0.3333333333333333,0.3333333333333333,0.3333333333333333
views.py,8,1,4,3,0.375,0.125,0.5
__init__.py,0,0,0,0,0,0,0
settings.py,122,18,33,71,0.5819672131147541,0.14754098360655737,0.27049180327868855
urls.py,22,4,1,17,0.7727272727272727,0.18181818181818182,0.045454545454545456
wsgi.py,16,4,6,6,0.375,0.25,0.375
__init__.py,0,0,0,0,0,0,0
manage.py,15,1,1,13,0.8666666666666667,0.06666666666666667,0.06666666666666667
common.py,5,0,0,5,1.0,0.0,0.0
quicksort.py,27,0,0,27,1.0,0.0,0.0
happy1.py,26,4,1,21,0.8076923076923077,0.15384615384615385,0.038461538461538464
happy1_1.py,17,4,1,12,0.7058823529411765,0.23529411764705882,0.058823529411764705
happy2.py,15,4,1,10,0.6666666666666666,0.26666666666666666,0.06666666666666667
happy3.py,19,4,1,14,0.7368421052631579,0.21052631578947367,0.05263157894736842
happy4.py,16,4,1,11,0.6875,0.25,0.0625
happy_self.py,24,4,2,18,0.75,0.16666666666666666,0.08333333333333333
bfs1.py,28,0,3,25,0.8928571428571429,0.0,0.10714285714285714
bfs2.py,20,0,0,20,1.0,0.0,0.0
collection.py,22,0,0,22,1.0,0.0,0.0
dfs.py,15,0,0,15,1.0,0.0,0.0
bfs1.py,29,4,1,24,0.8275862068965517,0.13793103448275862,0.034482758620689655
bfs2.py,20,0,0,20,1.0,0.0,0.0
collection.py,22,0,0,22,1.0,0.0,0.0
dfs.py,19,0,1,18,0.9473684210526315,0.0,0.05263157894736842
binary_search.py,17,0,0,17,1.0,0.0,0.0
search_bn.py,27,4,1,22,0.8148148148148148,0.14814814814814814,0.037037037037037035
learn_multi.py,28,4,3,21,0.75,0.14285714285714285,0.10714285714285714
learn_multi2.py,22,4,3,15,0.6818181818181818,0.18181818181818182,0.13636363636363635
atoi.py,43,4,4,35,0.813953488372093,0.09302325581395349,0.09302325581395349
sum.py,38,4,2,32,0.8421052631578947,0.10526315789473684,0.05263157894736842
del_repeate.py,16,4,1,11,0.6875,0.25,0.0625
pop_le.py,16,4,3,9,0.5625,0.25,0.1875
set_1.py,16,4,2,10,0.625,0.25,0.125
set_2.py,21,4,2,15,0.7142857142857143,0.19047619047619047,0.09523809523809523
update.py,32,4,5,23,0.71875,0.125,0.15625
an.py,24,4,4,16,0.6666666666666666,0.16666666666666666,0.16666666666666666
coun.py,8,4,1,3,0.375,0.5,0.125
le.py,17,4,1,12,0.7058823529411765,0.23529411764705882,0.058823529411764705
tes.py,19,4,3,12,0.631578947368421,0.21052631578947367,0.15789473684210525
hea.py,91,5,10,76,0.8351648351648352,0.054945054945054944,0.10989010989010989
heap.py,78,5,9,64,0.8205128205128205,0.0641025641025641,0.11538461538461539
heap_1.py,79,0,12,67,0.8481012658227848,0.0,0.1518987341772152
heap_m.py,38,5,7,26,0.6842105263157895,0.13157894736842105,0.18421052631578946
kh.py,26,4,2,20,0.7692307692307693,0.15384615384615385,0.07692307692307693
kh2.py,16,0,2,14,0.875,0.0,0.125
kh3.py,31,4,2,25,0.8064516129032258,0.12903225806451613,0.06451612903225806
long_prefix_1.py,24,4,4,16,0.6666666666666666,0.16666666666666666,0.16666666666666666
s_prefixx.py,37,4,4,29,0.7837837837837838,0.10810810810810811,0.10810810810810811
method1.py,62,4,2,56,0.9032258064516129,0.06451612903225806,0.03225806451612903
test.py,20,0,3,17,0.85,0.0,0.15
method2.py,65,4,0,61,0.9384615384615385,0.06153846153846154,0.0
bali.py,29,4,2,23,0.7931034482758621,0.13793103448275862,0.06896551724137931
baoli_rel.py,21,0,2,19,0.9047619047619048,0.0,0.09523809523809523
con_t.py,91,1,11,79,0.8681318681318682,0.01098901098901099,0.12087912087912088
dyn_alg.py,19,0,1,18,0.9473684210526315,0.0,0.05263157894736842
dyn_fib.py,16,0,3,13,0.8125,0.0,0.1875
Knapsack_Problem.py,95,1,10,84,0.8842105263157894,0.010526315789473684,0.10526315789473684
maxsubstring.py,25,4,5,16,0.64,0.16,0.2
as.py,30,4,1,25,0.8333333333333334,0.13333333333333333,0.03333333333333333
dp.py,57,8,5,44,0.7719298245614035,0.14035087719298245,0.08771929824561403
malache.py,51,8,8,35,0.6862745098039216,0.1568627450980392,0.1568627450980392
substring.py,25,4,2,19,0.76,0.16,0.08
test.py,123,3,15,105,0.8536585365853658,0.024390243902439025,0.12195121951219512
max_substring.py,48,4,2,42,0.875,0.08333333333333333,0.041666666666666664
heap_scroll.py,25,0,7,18,0.72,0.0,0.28
max_Scroll.py,24,4,6,14,0.5833333333333334,0.16666666666666666,0.25
merge_array.py,20,4,1,15,0.75,0.2,0.05
num_method.py,35,4,2,29,0.8285714285714286,0.11428571428571428,0.05714285714285714
string_multipy.py,43,4,8,31,0.7209302325581395,0.09302325581395349,0.18604651162790697
rongqi.py,20,4,3,13,0.65,0.2,0.15
rongqi_youhua.py,24,4,1,19,0.7916666666666666,0.16666666666666666,0.041666666666666664
speed_area.py,24,4,2,18,0.75,0.16666666666666666,0.08333333333333333
direct_sort.py,24,9,1,14,0.5833333333333334,0.375,0.041666666666666664
learn_qucksort.py,65,0,4,61,0.9384615384615385,0.0,0.06153846153846154
maopao_sort.py,28,9,1,18,0.6428571428571429,0.32142857142857145,0.03571428571428571
sort_list.py,25,4,0,21,0.84,0.16,0.0
queue.py,51,21,4,26,0.5098039215686274,0.4117647058823529,0.0784313725490196
stack_1.py,61,21,4,36,0.5901639344262295,0.3442622950819672,0.06557377049180328
stack_queue.py,51,21,3,27,0.5294117647058824,0.4117647058823529,0.058823529411764705
sum.py,15,0,2,13,0.8666666666666667,0.0,0.13333333333333333
sum1.py,17,0,2,15,0.8823529411764706,0.0,0.11764705882352941
sum2.py,16,0,2,14,0.875,0.0,0.125
sum3.py,17,0,2,15,0.8823529411764706,0.0,0.11764705882352941
sum4.py,17,0,2,15,0.8823529411764706,0.0,0.11764705882352941
sum5.py,17,0,2,15,0.8823529411764706,0.0,0.11764705882352941
str_1.py,24,4,4,16,0.6666666666666666,0.16666666666666666,0.16666666666666666
str_f.py,14,4,3,7,0.5,0.2857142857142857,0.21428571428571427
str_tran.py,19,4,2,13,0.6842105263157895,0.21052631578947367,0.10526315789473684
trans_1.py,38,4,2,32,0.8421052631578947,0.10526315789473684,0.05263157894736842
trans_2.py,17,4,2,11,0.6470588235294118,0.23529411764705882,0.11764705882352941
as.py,36,4,0,32,0.8888888888888888,0.1111111111111111,0.0
sum.py,36,4,3,29,0.8055555555555556,0.1111111111111111,0.08333333333333333
double_pin.py,44,9,4,31,0.7045454545454546,0.20454545454545456,0.09090909090909091
huan.py,32,9,1,22,0.6875,0.28125,0.03125
inter_stack.py,29,4,0,25,0.8620689655172413,0.13793103448275862,0.0
jianjie_code.py,12,4,0,8,0.6666666666666666,0.3333333333333333,0.0
digui_xuanzhuan.py,30,9,2,19,0.6333333333333333,0.3,0.06666666666666667
xuanzhuan.py,43,13,1,29,0.6744186046511628,0.3023255813953488,0.023255813953488372
maoyan.py,165,1,19,145,0.8787878787878788,0.006060606060606061,0.11515151515151516
maoyan_spider.py,88,7,11,70,0.7954545454545454,0.07954545454545454,0.125
asd.py,203,6,56,141,0.6945812807881774,0.029556650246305417,0.27586206896551724
self_pla.py,90,14,8,68,0.7555555555555555,0.15555555555555556,0.08888888888888889
numpy_basic.py,23,6,1,16,0.6956521739130435,0.2608695652173913,0.043478260869565216
las.py,38,3,11,24,0.631578947368421,0.07894736842105263,0.2894736842105263
seaborn_learn.py,59,21,6,32,0.5423728813559322,0.3559322033898305,0.1016949152542373
ml.py,23,0,1,22,0.9565217391304348,0.0,0.043478260869565216
neo_s.py,0,0,0,0,0,0,0
weibo.py,72,0,12,60,0.8333333333333334,0.0,0.16666666666666666
manage.py,15,1,1,13,0.8666666666666667,0.06666666666666667,0.06666666666666667
admin.py,3,1,1,1,0.3333333333333333,0.3333333333333333,0.3333333333333333
apps.py,5,0,2,3,0.6,0.0,0.4
__init__.py,0,0,0,0,0,0,0
models.py,3,1,1,1,0.3333333333333333,0.3333333333333333,0.3333333333333333
tests.py,3,1,1,1,0.3333333333333333,0.3333333333333333,0.3333333333333333
views.py,5,1,1,3,0.6,0.2,0.2
__init__.py,0,0,0,0,0,0,0
settings.py,127,18,34,75,0.5905511811023622,0.14173228346456693,0.2677165354330709
urls.py,22,4,1,17,0.7727272727272727,0.18181818181818182,0.045454545454545456
wsgi.py,16,4,6,6,0.375,0.25,0.375
__init__.py,0,0,0,0,0,0,0
manage.py,15,1,1,13,0.8666666666666667,0.06666666666666667,0.06666666666666667
settings.py,121,18,33,70,0.5785123966942148,0.1487603305785124,0.2727272727272727
urls.py,22,4,3,15,0.6818181818181818,0.18181818181818182,0.13636363636363635
wsgi.py,16,4,6,6,0.375,0.25,0.375
__init__.py,0,0,0,0,0,0,0
as.py,157,3,14,140,0.89171974522293,0.01910828025477707,0.08917197452229299
is_mobphone.py,112,2,11,99,0.8839285714285714,0.017857142857142856,0.09821428571428571
is_phone.py,142,3,11,128,0.9014084507042254,0.02112676056338028,0.07746478873239436
phoneNumber_search.py,58,9,15,34,0.5862068965517241,0.15517241379310345,0.25862068965517243
test.py,118,2,11,105,0.8898305084745762,0.01694915254237288,0.09322033898305085
passwordhide.py,6,3,0,3,0.5,0.5,0.0
atm.py,14,4,2,8,0.5714285714285714,0.2857142857142857,0.14285714285714285
__init__.py,3,2,1,0,0.0,0.6666666666666666,0.3333333333333333
settings.py,2,2,0,0,0.0,1.0,0.0
__init__.py,2,2,0,0,0.0,1.0,0.0
main.py,4,2,0,2,0.5,0.5,0.0
__init__.py,2,2,0,0,0.0,1.0,0.0
hide.py,17,4,2,11,0.6470588235294118,0.23529411764705882,0.11764705882352941
interaction.py,64,10,17,37,0.578125,0.15625,0.265625
py.py,23,10,0,13,0.5652173913043478,0.43478260869565216,0.0
sysos.py,32,11,12,9,0.28125,0.34375,0.375
threeOp.py,21,7,5,9,0.42857142857142855,0.3333333333333333,0.23809523809523808
while.py,34,2,2,30,0.8823529411764706,0.058823529411764705,0.058823529411764705
3level_menus.py,61,2,2,57,0.9344262295081968,0.03278688524590164,0.03278688524590164
dictionary.py,76,17,2,57,0.75,0.2236842105263158,0.02631578947368421
encode.py,11,2,5,4,0.36363636363636365,0.18181818181818182,0.45454545454545453
fileOp.py,79,37,9,33,0.4177215189873418,0.46835443037974683,0.11392405063291139
func——test1.py,128,23,25,80,0.625,0.1796875,0.1953125
global.py,17,4,6,7,0.4117647058823529,0.23529411764705882,0.35294117647058826
names.py,93,25,6,62,0.6666666666666666,0.26881720430107525,0.06451612903225806
set.py,69,24,3,42,0.6086956521739131,0.34782608695652173,0.043478260869565216
string.py,45,2,4,39,0.8666666666666667,0.044444444444444446,0.08888888888888889
test_haproxy.py,64,2,6,56,0.875,0.03125,0.09375
tuple.py,48,8,4,36,0.75,0.16666666666666666,0.08333333333333333
文件修改.py,40,16,5,19,0.475,0.4,0.125
进度条.py,8,3,0,5,0.625,0.375,0.0
递归.py,23,7,8,8,0.34782608695652173,0.30434782608695654,0.34782608695652173
高阶函数.py,12,3,3,6,0.5,0.25,0.25
built_in.py,94,9,1,84,0.8936170212765957,0.09574468085106383,0.010638297872340425
decorator.py,35,6,4,25,0.7142857142857143,0.17142857142857143,0.11428571428571428
decorator1.py,45,16,11,18,0.4,0.35555555555555557,0.24444444444444444
decorator2.py,30,12,4,14,0.4666666666666667,0.4,0.13333333333333333
decorator4.py,33,7,8,18,0.5454545454545454,0.21212121212121213,0.24242424242424243
decorator5.py,29,3,7,19,0.6551724137931034,0.10344827586206896,0.2413793103448276
decorator高潮版.py,116,15,20,81,0.6982758620689655,0.12931034482758622,0.1724137931034483
iterable.py,81,18,10,53,0.654320987654321,0.2222222222222222,0.12345679012345678
json序列化.py,103,37,19,47,0.4563106796116505,0.3592233009708738,0.18446601941747573
lambda.py,4,2,0,2,0.5,0.5,0.0
shengc.py,96,25,22,49,0.5104166666666666,0.2604166666666667,0.22916666666666666
s1.py,37,14,2,21,0.5675675675675675,0.3783783783783784,0.05405405405405406
tornado模块.py,26,2,4,20,0.7692307692307693,0.07692307692307693,0.15384615384615385
configparser模块.py,71,28,9,34,0.4788732394366197,0.39436619718309857,0.1267605633802817
hashlib模块.py,32,4,7,21,0.65625,0.125,0.21875
main.py,159,67,25,67,0.42138364779874216,0.42138364779874216,0.15723270440251572
module_alex.py,20,6,8,6,0.3,0.3,0.4
module_time.py,2,2,0,0,0.0,1.0,0.0
opos.py,3,2,0,1,0.3333333333333333,0.6666666666666666,0.0
os模块.py,59,17,5,37,0.6271186440677966,0.288135593220339,0.0847457627118644
pa.py,2,2,0,0,0.0,1.0,0.0
re模块.py,186,73,39,74,0.3978494623655914,0.3924731182795699,0.20967741935483872
shelve模块.py,18,2,5,11,0.6111111111111112,0.1111111111111111,0.2777777777777778
shua.py,31,2,2,27,0.8709677419354839,0.06451612903225806,0.06451612903225806
shutil模块.py,72,29,14,29,0.4027777777777778,0.4027777777777778,0.19444444444444445
sys模块.py,9,6,0,3,0.3333333333333333,0.6666666666666666,0.0
xml操作.py,60,7,11,42,0.7,0.11666666666666667,0.18333333333333332
yaml模块.py,19,7,2,10,0.5263157894736842,0.3684210526315789,0.10526315789473684
__init__.py,2,2,0,0,0.0,1.0,0.0
随机.py,47,18,8,21,0.44680851063829785,0.3829787234042553,0.1702127659574468
cs.py,76,21,20,35,0.4605263157894737,0.27631578947368424,0.2631578947368421
dog.py,67,20,12,35,0.5223880597014925,0.29850746268656714,0.1791044776119403
多态.py,33,6,10,17,0.5151515151515151,0.18181818181818182,0.30303030303030304
多态1.py,27,2,7,18,0.6666666666666666,0.07407407407407407,0.25925925925925924
多继承.py,34,10,13,11,0.3235294117647059,0.29411764705882354,0.38235294117647056
继承-学校.py,87,6,20,61,0.7011494252873564,0.06896551724137931,0.22988505747126436
继承.py,58,4,13,41,0.7068965517241379,0.06896551724137931,0.22413793103448276
index.py,8,2,2,4,0.5,0.25,0.25
InternetSocket.py,22,6,3,13,0.5909090909090909,0.2727272727272727,0.13636363636363635
c.py,5,2,0,3,0.6,0.4,0.0
metaclass.py,42,6,14,22,0.5238095238095238,0.14285714285714285,0.3333333333333333
mult_client.py,18,2,5,11,0.6111111111111112,0.1111111111111111,0.2777777777777778
mult_server.py,27,2,4,21,0.7777777777777778,0.07407407407407407,0.14814814814814814
socket_server.py,25,4,9,12,0.48,0.16,0.36
soclket_client.py,17,6,4,7,0.4117647058823529,0.35294117647058826,0.23529411764705882
__new__.py,31,7,8,16,0.5161290322580645,0.22580645161290322,0.25806451612903225
动态导入.py,29,13,9,7,0.2413793103448276,0.4482758620689655,0.3103448275862069
反射.py,113,34,38,41,0.36283185840707965,0.3008849557522124,0.336283185840708
属性方法.py,102,23,26,53,0.5196078431372549,0.22549019607843138,0.2549019607843137
属性方法例子.py,30,2,4,24,0.8,0.06666666666666667,0.13333333333333333
异常处理.py,65,19,11,35,0.5384615384615384,0.2923076923076923,0.16923076923076924
类方法.py,21,4,6,11,0.5238095238095238,0.19047619047619047,0.2857142857142857
类的特殊成员方法.py,85,17,25,43,0.5058823529411764,0.2,0.29411764705882354
静态方法.py,27,8,3,16,0.5925925925925926,0.2962962962962963,0.1111111111111111
ftp_client.py,31,2,5,24,0.7741935483870968,0.06451612903225806,0.16129032258064516
ftp_server.py,33,2,3,28,0.8484848484848485,0.06060606060606061,0.09090909090909091
__init__.py,2,2,0,0,0.0,1.0,0.0
__init__.py,2,2,0,0,0.0,1.0,0.0
main.py,42,3,2,37,0.8809523809523809,0.07142857142857142,0.047619047619047616
__init__.py,2,2,0,0,0.0,1.0,0.0
ftp_client.py,57,4,4,49,0.8596491228070176,0.07017543859649122,0.07017543859649122
ftp_server.py,2,2,0,0,0.0,1.0,0.0
socket_client_ssh.py,27,2,5,20,0.7407407407407407,0.07407407407407407,0.18518518518518517
socket_server_ssh.py,27,2,1,24,0.8888888888888888,0.07407407407407407,0.037037037037037035
并发.py,31,7,4,20,0.6451612903225806,0.22580645161290322,0.12903225806451613
paramiko模块.py,19,12,0,7,0.3684210526315789,0.631578947368421,0.0
SSH传文件.py,13,7,0,6,0.46153846153846156,0.5384615384615384,0.0
SSH连接.py,21,12,1,8,0.38095238095238093,0.5714285714285714,0.047619047619047616
threading_ex1.py,26,5,1,20,0.7692307692307693,0.19230769230769232,0.038461538461538464
Web框架.py,37,3,12,22,0.5945945945945946,0.08108108108108109,0.32432432432432434
shutil模块.py,72,29,14,29,0.4027777777777778,0.4027777777777778,0.19444444444444445
new_py_neo4j_v4.py,73,11,8,54,0.7397260273972602,0.1506849315068493,0.1095890410958904
py2neo_learn.py,31,17,5,9,0.2903225806451613,0.5483870967741935,0.16129032258064516
py_neo4j_v4.py,50,3,5,42,0.84,0.06,0.1
rl.py,133,11,8,114,0.8571428571428571,0.08270676691729323,0.06015037593984962
py_pillow_weixin.py,42,2,3,37,0.8809523809523809,0.047619047619047616,0.07142857142857142
redis_learn.py,30,0,5,25,0.8333333333333334,0.0,0.16666666666666666
rm.py,35,6,5,24,0.6857142857142857,0.17142857142857143,0.14285714285714285
month_kg.py,149,0,7,142,0.9530201342281879,0.0,0.04697986577181208
items.py,21,5,5,11,0.5238095238095238,0.23809523809523808,0.23809523809523808
middlewares.py,115,15,25,75,0.6521739130434783,0.13043478260869565,0.21739130434782608
pipelines.py,11,5,3,3,0.2727272727272727,0.45454545454545453,0.2727272727272727
resources.py,87,0,0,87,1.0,0.0,0.0
settings.py,90,67,17,6,0.06666666666666667,0.7444444444444445,0.18888888888888888
ccYM.py,118,5,3,110,0.9322033898305084,0.0423728813559322,0.025423728813559324
__init__.py,4,4,0,0,0.0,1.0,0.0
__init__.py,0,0,0,0,0,0,0
__init__.py,0,0,0,0,0,0,0
sfda_spider.py,102,8,16,78,0.7647058823529411,0.0784313725490196,0.1568627450980392
as.py,29,8,4,17,0.5862068965517241,0.27586206896551724,0.13793103448275862
echarts_learn.py,55,0,18,37,0.6727272727272727,0.0,0.32727272727272727
ech_le.py,54,4,13,37,0.6851851851851852,0.07407407407407407,0.24074074074074073
learn.py,271,37,28,206,0.7601476014760148,0.13653136531365315,0.1033210332103321
sadwdq.py,60,21,12,27,0.45,0.35,0.2
ski_sm.py,81,3,15,63,0.7777777777777778,0.037037037037037035,0.18518518518518517
test.py,17,1,7,9,0.5294117647058824,0.058823529411764705,0.4117647058823529
time_scat.py,27,0,9,18,0.6666666666666666,0.0,0.3333333333333333
camera.py,145,36,47,62,0.42758620689655175,0.2482758620689655,0.32413793103448274
colordict.py,684,19,3,662,0.9678362573099415,0.027777777777777776,0.0043859649122807015
compat.py,114,9,21,84,0.7368421052631579,0.07894736842105263,0.18421052631578946
cursors.py,300,35,31,234,0.78,0.11666666666666667,0.10333333333333333
__init__.py,12,4,3,5,0.4166666666666667,0.3333333333333333,0.25
__main__.py,28,1,3,24,0.8571428571428571,0.03571428571428571,0.10714285714285714
aacircle.py,35,2,6,27,0.7714285714285715,0.05714285714285714,0.17142857142857143
aliens.py,322,12,63,247,0.7670807453416149,0.037267080745341616,0.1956521739130435
arraydemo.py,131,5,32,94,0.7175572519083969,0.03816793893129771,0.24427480916030533
blend_fill.py,102,1,20,81,0.7941176470588235,0.00980392156862745,0.19607843137254902
blit_blends.py,193,3,47,143,0.7409326424870466,0.015544041450777202,0.24352331606217617
camera.py,92,2,25,65,0.7065217391304348,0.021739130434782608,0.2717391304347826
chimp.py,194,21,32,141,0.7268041237113402,0.10824742268041238,0.16494845360824742
cursors.py,99,1,10,88,0.8888888888888888,0.010101010101010102,0.10101010101010101
eventlist.py,123,5,29,89,0.7235772357723578,0.04065040650406504,0.23577235772357724
fastevents.py,130,11,38,81,0.6230769230769231,0.08461538461538462,0.2923076923076923
fonty.py,101,4,27,70,0.693069306930693,0.039603960396039604,0.26732673267326734
freetype_misc.py,103,0,22,81,0.7864077669902912,0.0,0.21359223300970873
glcube.py,109,11,27,71,0.6513761467889908,0.10091743119266056,0.24770642201834864
headless_no_windows_needed.py,55,10,19,26,0.4727272727272727,0.18181818181818182,0.34545454545454546
liquid.py,85,7,18,60,0.7058823529411765,0.08235294117647059,0.21176470588235294
aliens.py,325,12,63,250,0.7692307692307693,0.036923076923076927,0.19384615384615383
setup.py,28,4,4,20,0.7142857142857143,0.14285714285714285,0.14285714285714285
macfont.py,136,4,22,110,0.8088235294117647,0.029411764705882353,0.16176470588235295
mask.py,176,16,25,135,0.7670454545454546,0.09090909090909091,0.14204545454545456
midi.py,822,80,140,602,0.732360097323601,0.09732360097323602,0.170316301703163
moveit.py,73,9,20,44,0.6027397260273972,0.1232876712328767,0.273972602739726
oldalien.py,237,9,43,185,0.7805907172995781,0.0379746835443038,0.18143459915611815
overlay.py,62,5,7,50,0.8064516129032258,0.08064516129032258,0.11290322580645161
pixelarray.py,123,1,19,103,0.8373983739837398,0.008130081300813009,0.15447154471544716
playmus.py,140,12,27,101,0.7214285714285714,0.08571428571428572,0.19285714285714287
prevent_display_stretching.py,89,13,19,57,0.6404494382022472,0.14606741573033707,0.21348314606741572
scaletest.py,121,5,11,105,0.8677685950413223,0.04132231404958678,0.09090909090909091
scrap_clipboard.py,87,6,17,64,0.735632183908046,0.06896551724137931,0.19540229885057472
scroll.py,195,5,30,160,0.8205128205128205,0.02564102564102564,0.15384615384615385
sound.py,57,9,16,32,0.5614035087719298,0.15789473684210525,0.2807017543859649
sound_array_demos.py,262,24,82,156,0.5954198473282443,0.0916030534351145,0.31297709923664124
stars.py,95,5,17,73,0.7684210526315789,0.05263157894736842,0.17894736842105263
testsprite.py,267,32,65,170,0.6367041198501873,0.1198501872659176,0.24344569288389514
vgrade.py,103,3,24,76,0.7378640776699029,0.02912621359223301,0.23300970873786409
__init__.py,0,0,0,0,0,0,0
freetype.py,60,5,9,46,0.7666666666666667,0.08333333333333333,0.15
ftfont.py,185,37,43,105,0.5675675675675675,0.2,0.23243243243243245
constants.py,21,1,1,19,0.9047619047619048,0.047619047619047616,0.047619047619047616
locals.py,3,0,2,1,0.3333333333333333,0.0,0.6666666666666666
__init__.py,24,6,8,10,0.4166666666666667,0.25,0.3333333333333333
locals.py,30,21,5,4,0.13333333333333333,0.7,0.16666666666666666
macosx.py,22,1,2,19,0.8636363636363636,0.045454545454545456,0.09090909090909091
midi.py,657,115,163,379,0.5768645357686454,0.1750380517503805,0.2480974124809741
pkgdata.py,67,8,10,49,0.7313432835820896,0.11940298507462686,0.14925373134328357
sndarray.py,103,47,23,33,0.32038834951456313,0.4563106796116505,0.22330097087378642
sprite.py,1590,310,361,919,0.5779874213836478,0.1949685534591195,0.2270440251572327
surfarray.py,290,88,75,127,0.4379310344827586,0.30344827586206896,0.25862068965517243
sysfont.py,369,46,62,261,0.7073170731707317,0.12466124661246612,0.16802168021680217
base_test.py,645,1,90,554,0.8589147286821706,0.0015503875968992248,0.13953488372093023
blit_test.py,171,8,41,122,0.7134502923976608,0.04678362573099415,0.23976608187134502
bufferproxy_test.py,492,1,53,438,0.8902439024390244,0.0020325203252032522,0.10772357723577236
camera_test.py,23,1,5,17,0.7391304347826086,0.043478260869565216,0.21739130434782608
cdrom_tags.py,1,0,0,1,1.0,0.0,0.0
cdrom_test.py,386,3,105,278,0.7202072538860104,0.007772020725388601,0.27202072538860106
color_test.py,1045,19,182,844,0.8076555023923445,0.01818181818181818,0.17416267942583732
compat_test.py,97,0,10,87,0.8969072164948454,0.0,0.10309278350515463
cursors_test.py,76,4,12,60,0.7894736842105263,0.05263157894736842,0.15789473684210525
display_test.py,521,8,97,416,0.7984644913627639,0.015355086372360844,0.18618042226487524
draw_test.py,282,3,48,231,0.8191489361702128,0.010638297872340425,0.1702127659574468
event_test.py,309,5,83,221,0.7152103559870551,0.016181229773462782,0.2686084142394822
fastevent_test.py,150,3,11,136,0.9066666666666666,0.02,0.07333333333333333
font_tags.py,7,1,2,4,0.5714285714285714,0.14285714285714285,0.2857142857142857
font_test.py,584,4,101,479,0.8202054794520548,0.00684931506849315,0.17294520547945205
freetype_tags.py,12,0,4,8,0.6666666666666666,0.0,0.3333333333333333
freetype_test.py,1485,14,195,1276,0.8592592592592593,0.009427609427609427,0.13131313131313133
ftfont_tags.py,12,0,4,8,0.6666666666666666,0.0,0.3333333333333333
ftfont_test.py,32,1,5,26,0.8125,0.03125,0.15625
gfxdraw_test.py,709,28,41,640,0.9026798307475318,0.039492242595204514,0.05782792665726375
imageext_tags.py,8,0,2,6,0.75,0.0,0.25
imageext_test.py,74,0,5,69,0.9324324324324325,0.0,0.06756756756756757
image_tags.py,7,0,2,5,0.7142857142857143,0.0,0.2857142857142857
image_test.py,467,40,83,344,0.7366167023554604,0.08565310492505353,0.1777301927194861
image__save_gl_surface_test.py,58,0,6,52,0.896551724137931,0.0,0.10344827586206896
joystick_test.py,107,3,23,81,0.7570093457943925,0.028037383177570093,0.21495327102803738
key_test.py,91,0,22,69,0.7582417582417582,0.0,0.24175824175824176
mask_test.py,470,35,93,342,0.7276595744680852,0.07446808510638298,0.19787234042553192
math_test.py,1613,11,136,1466,0.9088654680719157,0.006819590824550527,0.08431494110353378
midi_tags.py,1,0,0,1,1.0,0.0,0.0
midi_test.py,475,20,115,340,0.7157894736842105,0.042105263157894736,0.24210526315789474
mixer_music_tags.py,7,0,2,5,0.7142857142857143,0.0,0.2857142857142857
mixer_music_test.py,234,0,70,164,0.7008547008547008,0.0,0.29914529914529914
mixer_tags.py,7,0,2,5,0.7142857142857143,0.0,0.2857142857142857
mixer_test.py,1054,24,181,849,0.8055028462998103,0.022770398481973434,0.17172675521821631
mouse_test.py,165,3,37,125,0.7575757575757576,0.01818181818181818,0.22424242424242424
overlay_test.py,51,3,17,31,0.6078431372549019,0.058823529411764705,0.3333333333333333
pixelarray_test.py,1405,15,147,1243,0.8846975088967971,0.010676156583629894,0.10462633451957296
pixelcopy_test.py,678,1,81,596,0.8790560471976401,0.0014749262536873156,0.11946902654867257
rect_test.py,789,64,76,649,0.8225602027883396,0.08111533586818757,0.09632446134347275
fake_2_test.py,38,0,8,30,0.7894736842105263,0.0,0.21052631578947367
fake_3_test.py,38,0,8,30,0.7894736842105263,0.0,0.21052631578947367
fake_4_test.py,38,0,8,30,0.7894736842105263,0.0,0.21052631578947367
fake_5_test.py,38,0,8,30,0.7894736842105263,0.0,0.21052631578947367
fake_6_test.py,38,0,8,30,0.7894736842105263,0.0,0.21052631578947367
no_assertions__ret_code_of_1__test.py,38,0,8,30,0.7894736842105263,0.0,0.21052631578947367
zero_tests_test.py,22,0,3,19,0.8636363636363636,0.0,0.13636363636363635
__init__.py,1,1,0,0,0.0,1.0,0.0
fake_2_test.py,38,0,8,30,0.7894736842105263,0.0,0.21052631578947367
incomplete_todo_test.py,38,0,8,30,0.7894736842105263,0.0,0.21052631578947367
magic_tag_test.py,37,0,8,29,0.7837837837837838,0.0,0.21621621621621623
sleep_test.py,28,0,4,24,0.8571428571428571,0.0,0.14285714285714285
__init__.py,1,1,0,0,0.0,1.0,0.0
fake_2_test.py,38,0,8,30,0.7894736842105263,0.0,0.21052631578947367
invisible_tag_test.py,40,0,9,31,0.775,0.0,0.225
magic_tag_test.py,37,0,8,29,0.7837837837837838,0.0,0.21621621621621623
__init__.py,1,1,0,0,0.0,1.0,0.0
fake_2_test.py,38,0,8,30,0.7894736842105263,0.0,0.21052631578947367
fake_3_test.py,38,0,8,30,0.7894736842105263,0.0,0.21052631578947367
fake_4_test.py,40,0,8,32,0.8,0.0,0.2
__init__.py,1,1,0,0,0.0,1.0,0.0
fake_2_test.py,38,0,8,30,0.7894736842105263,0.0,0.21052631578947367
fake_3_test.py,38,0,8,30,0.7894736842105263,0.0,0.21052631578947367
__init__.py,1,1,0,0,0.0,1.0,0.0
fake_2_test.py,38,0,8,30,0.7894736842105263,0.0,0.21052631578947367
fake_3_test.py,38,0,8,30,0.7894736842105263,0.0,0.21052631578947367
__init__.py,1,1,0,0,0.0,1.0,0.0
fake_1_test.py,39,0,8,31,0.7948717948717948,0.0,0.20512820512820512
fake_2_test.py,38,0,8,30,0.7894736842105263,0.0,0.21052631578947367
__init__.py,1,1,0,0,0.0,1.0,0.0
fake_2_test.py,38,0,8,30,0.7894736842105263,0.0,0.21052631578947367
fake_3_test.py,39,0,8,31,0.7948717948717948,0.0,0.20512820512820512
fake_4_test.py,40,0,8,32,0.8,0.0,0.2
__init__.py,1,1,0,0,0.0,1.0,0.0
fake_2_test.py,38,0,8,30,0.7894736842105263,0.0,0.21052631578947367
fake_3_test.py,40,0,8,32,0.8,0.0,0.2
fake_4_test.py,40,0,8,32,0.8,0.0,0.2
__init__.py,1,1,0,0,0.0,1.0,0.0
run_tests__test.py,131,11,30,90,0.6870229007633588,0.08396946564885496,0.22900763358778625
fake_2_test.py,38,0,8,30,0.7894736842105263,0.0,0.21052631578947367
sleep_test.py,28,0,4,24,0.8571428571428571,0.0,0.14285714285714285
__init__.py,1,1,0,0,0.0,1.0,0.0
__init__.py,1,1,0,0,0.0,1.0,0.0
rwobject_test.py,112,0,13,99,0.8839285714285714,0.0,0.11607142857142858
scrap_tags.py,23,0,8,15,0.6521739130434783,0.0,0.34782608695652173
scrap_test.py,253,4,38,211,0.83399209486166,0.015810276679841896,0.15019762845849802
sndarray_tags.py,12,0,3,9,0.75,0.0,0.25
sndarray_test.py,188,0,26,162,0.8617021276595744,0.0,0.13829787234042554
sprite_test.py,1072,14,222,836,0.7798507462686567,0.013059701492537313,0.20708955223880596
surface_test.py,2463,32,349,2082,0.8453105968331304,0.012992285830288266,0.1416971173365814
surfarray_tags.py,16,0,3,13,0.8125,0.0,0.1875
surfarray_test.py,709,0,109,600,0.846262341325811,0.0,0.153737658674189
surflock_test.py,158,0,35,123,0.7784810126582279,0.0,0.22151898734177214
sysfont_test.py,63,3,25,35,0.5555555555555556,0.047619047619047616,0.3968253968253968
test_test_.py,3,0,0,3,1.0,0.0,0.0
arrinter.py,402,0,34,368,0.9154228855721394,0.0,0.0845771144278607
async_sub.py,292,13,35,244,0.8356164383561644,0.04452054794520548,0.11986301369863013
buftools.py,555,24,36,495,0.8918918918918919,0.043243243243243246,0.06486486486486487
endian.py,18,6,5,7,0.3888888888888889,0.3333333333333333,0.2777777777777778
png.py,3790,437,346,3007,0.7934036939313984,0.11530343007915567,0.09129287598944591
run_tests.py,339,8,60,271,0.799410029498525,0.02359882005899705,0.17699115044247787
test_machinery.py,74,1,20,53,0.7162162162162162,0.013513513513513514,0.2702702702702703
test_runner.py,233,26,50,157,0.6738197424892703,0.11158798283261803,0.2145922746781116
__init__.py,197,32,38,127,0.6446700507614214,0.16243654822335024,0.19289340101522842
threads_test.py,212,4,49,159,0.75,0.018867924528301886,0.23113207547169812
time_test.py,217,3,43,171,0.7880184331797235,0.013824884792626729,0.19815668202764977
transform_test.py,969,57,218,694,0.7162022703818369,0.058823529411764705,0.22497420020639836
__init__.py,40,4,9,27,0.675,0.1,0.225
__main__.py,131,15,30,86,0.6564885496183206,0.11450381679389313,0.22900763358778625
Py25Queue.py,216,32,32,152,0.7037037037037037,0.14814814814814814,0.14814814814814814
__init__.py,310,55,74,181,0.5838709677419355,0.1774193548387097,0.23870967741935484
version.py,32,23,3,6,0.1875,0.71875,0.09375
_camera_opencv_highgui.py,98,21,30,47,0.47959183673469385,0.21428571428571427,0.30612244897959184
_camera_vidcapture.py,133,48,30,55,0.41353383458646614,0.3609022556390977,0.22556390977443608
_dummybackend.py,30,1,0,29,0.9666666666666667,0.03333333333333333,0.0
_numpysndarray.py,76,35,17,24,0.3157894736842105,0.4605263157894737,0.2236842105263158
_numpysurfarray.py,356,90,79,187,0.5252808988764045,0.25280898876404495,0.22191011235955055
__init__.py,493,46,85,362,0.7342799188640974,0.09330628803245436,0.1724137931034483
snake_game.py,293,6,37,250,0.8532423208191127,0.020477815699658702,0.12627986348122866
conn.py,4,4,0,0,0.0,1.0,0.0
snake_func.py,106,2,13,91,0.8584905660377359,0.018867924528301886,0.12264150943396226
snake_game.py,126,10,21,95,0.753968253968254,0.07936507936507936,0.16666666666666666
learn.py,65,6,7,52,0.8,0.09230769230769231,0.1076923076923077
lock_muti.py,22,0,2,20,0.9090909090909091,0.0,0.09090909090909091
multiprocess_learn.py,20,3,4,13,0.65,0.15,0.2
multiprocess_queue.py,19,0,2,17,0.8947368421052632,0.0,0.10526315789473684
multi_pool.py,26,8,4,14,0.5384615384615384,0.3076923076923077,0.15384615384615385
mu_lock.py,19,0,2,17,0.8947368421052632,0.0,0.10526315789473684
shared_memory.py,16,8,3,5,0.3125,0.5,0.1875
array_split.py,45,25,0,20,0.4444444444444444,0.5555555555555556,0.0
numpy_array.py,34,10,3,21,0.6176470588235294,0.29411764705882354,0.08823529411764706
numpy_copy.py,33,3,5,25,0.7575757575757576,0.09090909090909091,0.15151515151515152
py_array.py,84,29,8,47,0.5595238095238095,0.34523809523809523,0.09523809523809523
py_numpy.py,23,11,3,9,0.391304347826087,0.4782608695652174,0.13043478260869565
py_numpy_index.py,46,22,2,22,0.4782608695652174,0.4782608695652174,0.043478260869565216
py_opera.py,76,39,2,35,0.4605263157894737,0.5131578947368421,0.02631578947368421
py_operation.py,73,35,5,33,0.4520547945205479,0.4794520547945205,0.0684931506849315
pandas_concat.py,199,88,6,105,0.5276381909547738,0.44221105527638194,0.03015075376884422
pandas_plot.py,24,4,1,19,0.7916666666666666,0.16666666666666666,0.041666666666666664
pandas_read.py,13,6,0,7,0.5384615384615384,0.46153846153846156,0.0
pandas_setdata.py,60,21,2,37,0.6166666666666667,0.35,0.03333333333333333
py_pandas.py,138,60,1,77,0.5579710144927537,0.43478260869565216,0.007246376811594203
py_pandas_merge.py,204,85,3,116,0.5686274509803921,0.4166666666666667,0.014705882352941176
py_pandas_nan.py,94,39,3,52,0.5531914893617021,0.4148936170212766,0.031914893617021274
py_pandas_sel.py,103,50,1,52,0.5048543689320388,0.4854368932038835,0.009708737864077669
py_music.py,0,0,0,0,0,0,0
scrapy_selenium.py,18,0,3,15,0.8333333333333334,0.0,0.16666666666666666
__init__.py,0,0,0,0,0,0,0
asyncio_learn.py,25,0,5,20,0.8,0.0,0.2
py_aiohttp.py,31,4,5,22,0.7096774193548387,0.12903225806451613,0.16129032258064516
py_asyncio.py,29,6,5,18,0.6206896551724138,0.20689655172413793,0.1724137931034483
yield_learn.py,76,11,20,45,0.5921052631578947,0.14473684210526316,0.2631578947368421
py_scrapy.py,0,0,0,0,0,0,0
scrapy_ multi_Progress.py,63,4,9,50,0.7936507936507936,0.06349206349206349,0.14285714285714285
scrapy_aiohttp.py,24,0,5,19,0.7916666666666666,0.0,0.20833333333333334
scrapy_asy.py,65,1,13,51,0.7846153846153846,0.015384615384615385,0.2
scrapy_asyncio.py,22,5,4,13,0.5909090909090909,0.22727272727272727,0.18181818181818182
scrapy_asyncio_use.py,32,5,8,19,0.59375,0.15625,0.25
scrapy_req.py,15,0,4,11,0.7333333333333333,0.0,0.26666666666666666
sc_scr_down.py,80,10,12,58,0.725,0.125,0.15
sc_request.py,30,15,7,8,0.26666666666666666,0.5,0.23333333333333334
sr_req_download.py,15,2,1,12,0.8,0.13333333333333333,0.06666666666666667
spider_instagram.py,205,30,29,146,0.7121951219512195,0.14634146341463414,0.14146341463414633
pra1.py,41,10,8,23,0.5609756097560976,0.24390243902439024,0.1951219512195122
nump_learn.py,7,0,2,5,0.7142857142857143,0.0,0.2857142857142857
ski-byes.py,77,1,15,61,0.7922077922077922,0.012987012987012988,0.19480519480519481
ski-byets.py,13,1,0,12,0.9230769230769231,0.07692307692307693,0.0
ski-cross1.py,54,11,15,28,0.5185185185185185,0.2037037037037037,0.2777777777777778
ski-cross_validation.py,32,5,6,21,0.65625,0.15625,0.1875
ski-databases.py,27,19,1,7,0.25925925925925924,0.7037037037037037,0.037037037037037035
ski-learn-1.py,39,16,4,19,0.48717948717948717,0.41025641025641024,0.10256410256410256
ski-learn-model.py,21,5,4,12,0.5714285714285714,0.23809523809523808,0.19047619047619047
ski-learn-saved.py,23,10,3,10,0.43478260869565216,0.43478260869565216,0.13043478260869565
ski_curve.py,35,9,3,23,0.6571428571428571,0.2571428571428571,0.08571428571428572
ski_learn.py,39,12,6,21,0.5384615384615384,0.3076923076923077,0.15384615384615385
ski_pre.py,15,1,3,11,0.7333333333333333,0.06666666666666667,0.2
sklearn-normal.py,36,13,3,20,0.5555555555555556,0.3611111111111111,0.08333333333333333
analysis.py,99,1,22,76,0.7676767676767676,0.010101010101010102,0.2222222222222222
wordcloud_14xg.py,33,4,3,26,0.7878787878787878,0.12121212121212122,0.09090909090909091
__init__.py,2,1,0,1,0.5,0.5,0.0
atzhen.py,19,9,1,9,0.47368421052631576,0.47368421052631576,0.05263157894736842
classification.py,149,17,30,102,0.6845637583892618,0.11409395973154363,0.20134228187919462
cnn_mnist.py,96,13,20,63,0.65625,0.13541666666666666,0.20833333333333334
day1.py,16,4,0,12,0.75,0.25,0.0
day2.py,43,17,6,20,0.46511627906976744,0.3953488372093023,0.13953488372093023
dropout_learn.py,63,6,6,51,0.8095238095238095,0.09523809523809523,0.09523809523809523
layer.py,64,14,6,44,0.6875,0.21875,0.09375
matli.py,57,22,4,31,0.543859649122807,0.38596491228070173,0.07017543859649122
matlibplot_3d.py,19,4,0,15,0.7894736842105263,0.21052631578947367,0.0
matlibplot_bar.py,75,17,9,49,0.6533333333333333,0.22666666666666666,0.12
matlib_new.py,43,14,4,25,0.5813953488372093,0.32558139534883723,0.09302325581395349
matplot_scatter.py,16,1,2,13,0.8125,0.0625,0.125
numpy_learn.py,54,27,4,23,0.42592592592592593,0.5,0.07407407407407407
pencil_picture.py,30,1,7,22,0.7333333333333333,0.03333333333333333,0.23333333333333334
__init__.py,2,1,0,1,0.5,0.5,0.0
open_cv_tes.py,11,5,1,5,0.45454545454545453,0.45454545454545453,0.09090909090909091
placeholder.py,16,8,1,7,0.4375,0.5,0.0625
plot_show.py,28,2,5,21,0.75,0.07142857142857142,0.17857142857142858
plt_annotation.py,43,16,5,22,0.5116279069767442,0.37209302325581395,0.11627906976744186
rnn_learn.py,37,6,5,26,0.7027027027027027,0.16216216216216217,0.13513513513513514
tensorflow_autoencoder.py,87,10,10,67,0.7701149425287356,0.11494252873563218,0.11494252873563218
tensorflow_autoencoder1.py,107,6,14,87,0.8130841121495327,0.056074766355140186,0.1308411214953271
tensorflow_saver.py,30,15,4,11,0.36666666666666664,0.5,0.13333333333333333
tensorflow_scope.py,28,1,5,22,0.7857142857142857,0.03571428571428571,0.17857142857142858
tensor_mnist.py,55,12,8,35,0.6363636363636364,0.21818181818181817,0.14545454545454545
ten_boader.py,70,9,8,53,0.7571428571428571,0.12857142857142856,0.11428571428571428
test.py,23,13,1,9,0.391304347826087,0.5652173913043478,0.043478260869565216
tutorial.py,85,25,10,50,0.5882352941176471,0.29411764705882354,0.11764705882352941
variable.py,20,7,0,13,0.65,0.35,0.0
ten_test.py,48,3,10,35,0.7291666666666666,0.0625,0.20833333333333334
weixin_analysis.py,127,12,11,104,0.8188976377952756,0.09448818897637795,0.08661417322834646
manage.py,15,1,1,13,0.8666666666666667,0.06666666666666667,0.06666666666666667
admin.py,3,1,1,1,0.3333333333333333,0.3333333333333333,0.3333333333333333
apps.py,5,0,2,3,0.6,0.0,0.4
__init__.py,0,0,0,0,0,0,0
models.py,3,1,1,1,0.3333333333333333,0.3333333333333333,0.3333333333333333
id_Extract.py,162,1,6,155,0.9567901234567902,0.006172839506172839,0.037037037037037035
__init__.py,0,0,0,0,0,0,0
is_mobphone.py,118,2,11,105,0.8898305084745762,0.01694915254237288,0.09322033898305085
is_phone.py,162,3,15,144,0.8888888888888888,0.018518518518518517,0.09259259259259259
phoneNumber_search.py,58,9,15,34,0.5862068965517241,0.15517241379310345,0.25862068965517243
__init__.py,0,0,0,0,0,0,0
tests.py,3,1,1,1,0.3333333333333333,0.3333333333333333,0.3333333333333333
views.py,113,1,5,107,0.9469026548672567,0.008849557522123894,0.04424778761061947
__init__.py,0,0,0,0,0,0,0
settings.py,130,18,34,78,0.6,0.13846153846153847,0.26153846153846155
urls.py,30,4,4,22,0.7333333333333333,0.13333333333333333,0.13333333333333333
wsgi.py,16,4,6,6,0.375,0.25,0.375
__init__.py,0,0,0,0,0,0,0
manage.py,15,1,1,13,0.8666666666666667,0.06666666666666667,0.06666666666666667
settings.py,121,18,33,70,0.5785123966942148,0.1487603305785124,0.2727272727272727
urls.py,24,4,1,19,0.7916666666666666,0.16666666666666666,0.041666666666666664
wsgi.py,16,4,6,6,0.375,0.25,0.375
__init__.py,0,0,0,0,0,0,0
tianyanSpider.py,80,0,9,71,0.8875,0.0,0.1125
as.py,3,0,1,2,0.6666666666666666,0.0,0.3333333333333333
items.py,21,5,4,12,0.5714285714285714,0.23809523809523808,0.19047619047619047
middlewares.py,103,5,24,74,0.7184466019417476,0.04854368932038835,0.23300970873786409
pipelines.py,99,13,21,65,0.6565656565656566,0.13131313131313133,0.21212121212121213
settings.py,96,63,18,15,0.15625,0.65625,0.1875
CQtianqi.py,59,5,7,47,0.7966101694915254,0.0847457627118644,0.11864406779661017
__init__.py,4,4,0,0,0.0,1.0,0.0
__init__.py,0,0,0,0,0,0,0
__init__.py,0,0,0,0,0,0,0
certification.py,93,2,4,87,0.9354838709677419,0.021505376344086023,0.043010752688172046
file.py,0,0,0,0,0,0,0
fuzeren.py,41,4,2,35,0.8536585365853658,0.0975609756097561,0.04878048780487805
test.py,48,0,3,45,0.9375,0.0,0.0625
wechat_qun.py,99,1,13,85,0.8585858585858586,0.010101010101010102,0.13131313131313133
xueyuan.py,61,3,5,53,0.8688524590163934,0.04918032786885246,0.08196721311475409
zhujiao.py,44,0,6,38,0.8636363636363636,0.0,0.13636363636363635
zhunfuzeren.py,44,4,5,35,0.7954545454545454,0.09090909090909091,0.11363636363636363
cloud_music.py,128,14,10,104,0.8125,0.109375,0.078125
